{"cameraMode":{"drawMode":0,"name":"Shaded","section":"Shading Mode"},"sceneLighting":false,"audioPlay":false,"sceneViewState":{"showFog":true,"showMaterialUpdate":false,"showSkybox":false,"showFlares":true,"showImageEffects":true,"showParticleSystems":true},"in2DMode":false,"pivot":{"x":0.032470643520355228,"y":0.3646240234375,"z":0.13330090045928956},"rotation":{"x":0.19428902864456178,"y":-0.29074370861053469,"z":0.06042766198515892,"w":0.934932291507721},"size":2.113574743270874,"orthographic":true}