{"cameraMode":{"drawMode":0,"name":"Shaded","section":"Shading Mode"},"sceneLighting":true,"audioPlay":false,"sceneViewState":{"showFog":true,"showMaterialUpdate":false,"showSkybox":true,"showFlares":true,"showImageEffects":true,"showParticleSystems":true},"in2DMode":false,"pivot":{"x":2.4600350856781008,"y":2.8519206047058107,"z":-4.567456245422363},"rotation":{"x":0.10445196181535721,"y":-0.2232760339975357,"z":0.024080663919448854,"w":0.9688564538955689},"size":6.6442742347717289,"orthographic":true}